,Erlang value,Blocking Prob.
0,1.0,0.0
1,0.25,0.0
2,0.0625,0.0
3,0.015625,0.0
4,0.00390625,0.0
5,0.0009765625,0.0
6,10.0,0.0456789452947758
7,2.5,0.0
8,0.625,0.0
9,0.15625,0.0
10,0.0390625,0.0
11,0.009765625,0.0
12,100.0,0.8418017715590421
13,25.0,0.37891140132111345
14,6.25,0.0
15,1.5625,0.0
16,0.390625,0.0
17,0.09765625,0.0
18,1000.0,0.8999505980418674
19,250.0,0.6086689173243669
20,62.5,1.000050002500125e-06
21,15.625,0.0
22,3.90625,0.0
23,0.9765625,0.0
